Problem,Solution,Symptoms
Anxiety,Practice deep breathing exercises. Engage in regular physical activity. Seek support from a therapist or counselor.,"Excessive worrying, restlessness"
Anxiety,Try progressive muscle relaxation techniques. Journal your thoughts and feelings. Consider medication under professional guidance.,"Panic attacks, muscle tension"
Anxiety,Participate in exposure therapy to confront fears gradually. Join a support group to connect with others experiencing similar challenges.,"Panic attacks, muscle tension"
Anxiety,Practice mindfulness meditation to cultivate awareness of the present moment. Develop a coping toolkit with relaxation techniques and grounding exercises.,"Excessive worrying, restlessness"
Anxiety,Engage in cognitive-behavioral therapy (CBT) to challenge negative thought patterns. Set achievable goals and celebrate small victories.,"Excessive worrying, restlessness"
Depression,"Maintain a consistent sleep schedule. Ensure proper nutrition and hydration. Engage in activities you enjoy, even if they feel challenging at first.",Feeling sad or empty
Depression,Connect with loved ones for social support. Consider volunteering or helping others to cultivate a sense of purpose. Seek professional help when needed.,Loss of interest
Depression,Explore creative outlets such as art or music. Practice self-compassion and challenge self-critical thoughts. Develop a safety plan for moments of crisis.,Irritability
Depression,Engage in regular exercise to boost mood and energy levels. Set realistic expectations and prioritize self-care activities. Consider medication if recommended.,Guilt or shame
Depression,Attend therapy sessions to explore underlying emotions and learn coping strategies. Keep a mood journal to track changes and identify triggers.,Anxiety
Stress,Practice mindfulness to cultivate awareness of stressors and reactions. Take breaks throughout the day to recharge and relax.,Headache
Stress,Use time management techniques to prioritize tasks and reduce feelings of overwhelm. Delegate responsibilities when possible.,Sleep Disturbance
Stress,"Engage in physical activity such as walking, yoga, or swimming to release tension and boost mood. Practice deep breathing exercises during moments of stress.",Sweating
Stress,Incorporate relaxation techniques like progressive muscle relaxation or guided imagery into your daily routine. Seek support from friends or family members.,Trembling
Stress,Consider cognitive-behavioral therapy (CBT) to reframe negative thought patterns and develop effective coping strategies. Prioritize self-care activities.,Rapid heartbeat
Eating Disorders,Participate in individual or group therapy sessions with a focus on cognitive-behavioral therapy (CBT) or dialectical behavior therapy (DBT).,Fear of gaining weight
Eating Disorders,Work with a registered dietitian to develop a balanced meal plan and address nutritional deficiencies. Practice intuitive eating and mindful eating techniques.,Hair loss
Eating Disorders,Engage in body-positive activities such as yoga or dance to foster a positive relationship with your body. Challenge societal beauty standards and embrace self-acceptance.,weakness
Eating Disorders,"Develop a support network of friends, family, and professionals who understand and respect your journey towards recovery. Utilize hotline or crisis intervention services when needed.",weakness
Eating Disorders,"Explore alternative therapies such as art therapy, music therapy, or equine-assisted therapy to express emotions and enhance self-awareness.",bloating
Social Anxiety,Gradual exposure to social situations,Racing heart
Social Anxiety,Cognitive-behavioral therapy to challenge negative thoughts.,Trembling
Social Anxiety,Practice relaxation techniques,Muscle tension
Social Anxiety,Seek support from friends and family,Sweating
Social Anxiety,Join social groups.,Blushing
Insomnia,Establish a consistent sleep schedule. ,difficulty falling asleep
Insomnia,reate a relaxing bedtime routine,waking up too early
Insomnia,Limit caffeine and screen time before bed.,poor quality of sleep
Insomnia,Practice relaxation techniques,Mood disturbances
Insomnia,Consider cognitive behavioral therapy for insomnia (CBT-I).,Depression
Body Dysmorphic Disorder,Cognitive-behavioral therapy to challenge negative thoughts and behaviors.,Obession
Body Dysmorphic Disorder,Medication such as SSRIs to alleviate symptoms of anxiety and depression.,Distress
Body Dysmorphic Disorder,Limiting exposure to triggering stimuli like mirrors or social media.,Compulsion
Body Dysmorphic Disorder,Developing coping strategies to manage distress and improve self-esteem.,Avoidance
Body Dysmorphic Disorder,Support groups to provide understanding and validation.,Self-criticism
Phobia,Exposure therapy: Gradually confronting feared situations.,Panic
Phobia,Cognitive Behavioral Therapy (CBT): Identifying and challenging irrational thoughts.,Avoidance
Phobia,"Medication (e.g., SSRIs): Alleviating symptoms of anxiety.",Fear
Phobia,"Relaxation techniques (e.g., deep breathing): Managing physiological arousal.",Anxiety
Phobia,Support groups: Sharing experiences and coping strategies with others.,Rapid heartbeat
Psychosis,Antipsychotic medication: Reducing symptoms of psychosis.,Hallucinations
Psychosis,"Psychotherapy (e.g., CBT): Addressing distorted thinking patterns.",Delusions
Psychosis,Hospitalization: Ensuring safety and stabilization during acute episodes.,Disorganized thinking
Psychosis,Social support networks: Providing understanding and assistance.,Paranoia
Psychosis,Rehabilitation programs: Promoting recovery and functional independence.,Catatonia
Post-traumatic stress disorder,Cognitive Processing Therapy: Addressing trauma-related thoughts and beliefs.,Flashbacks
Post-traumatic stress disorder,Eye Movement Desensitization and Reprocessing (EMDR): Processing traumatic memories.,Nightmares
Post-traumatic stress disorder,"Medication (e.g., SSRIs): Managing symptoms of anxiety and depression.",Hypervigilance
Post-traumatic stress disorder,Supportive therapy: Providing a safe space for expression and healing.,Emotional Numbness
Post-traumatic stress disorder,"Lifestyle changes: Incorporating exercise, relaxation, and healthy routines.",Avoidane
Gender Dysphoria,Gender-affirming therapy: Exploring gender identity and coping strategies.,Discomfort
Gender Dysphoria,Hormone therapy: Aligning physical characteristics with gender identity.,Identity Confusion
Gender Dysphoria,Gender-affirming surgeries: Altering physical appearance to match gender identity.,Anxiety
Gender Dysphoria,Support groups: Finding community and understanding.,Depression
Gender Dysphoria,Education and awareness: Promoting acceptance and reducing stigma.,Social withdrawal
Androphobia,Exposure therapy: Gradual exposure to feared situations with support.,Fear
Androphobia,Cognitive Behavioral Therapy (CBT): Challenging negative thoughts and beliefs about men.,Anxiety
Androphobia,Relaxation techniques: Learning to manage anxiety through deep breathing or meditation.,Panic
Androphobia,"Medication (e.g., SSRIs): Managing symptoms of anxiety and panic.",Avoidance
Androphobia,Support network: Seeking understanding and encouragement from friends or family.,Distress
Alien Hand Syndrome ,Occupational therapy: Teaching coping strategies to manage involuntary movements.,Involuntary movements
Alien Hand Syndrome ,Cognitive rehabilitation: Helping to regain control over affected limb through exercises.,Lack of control
Alien Hand Syndrome ,Psychoeducation: Understanding the condition and its impact on daily life.,Feeling of detachment
Alien Hand Syndrome ,Mirror therapy: Using visual feedback to reduce alien hand movements.,Confusion
Alien Hand Syndrome ,Supportive environment: Creating a safe and understanding space for the individual to navigate their experiences.,Interference with voluntary actions
Diogenes Syndrome ,"Multidisciplinary intervention: Involving social workers, mental health professionals, and caregivers to address various needs.",Self-neglect
Diogenes Syndrome ,Cognitive Behavioral Therapy (CBT): Addressing underlying psychological issues contributing to the syndrome.,Hoarding
Diogenes Syndrome ,"Home assistance programs: Providing practical support with cleaning, organizing, and personal care.",Social withdrawal
Diogenes Syndrome ,Community outreach: Engaging with local services to ensure access to healthcare and social support.,Lack of shame
Diogenes Syndrome ,Family involvement: Educating and involving family members in caring for and supporting the individual with Diogenes Syndrome.,Filthiness
Jerusalem Syndrome,Psychiatric evaluation: Assessing for underlying mental health conditions and providing appropriate treatment.,Delusions
Jerusalem Syndrome,Hospitalization: Ensuring safety and stabilization during acute episodes.,Religious fixation
Jerusalem Syndrome,Psychoeducation: Providing information about the syndrome to patients and their families.,Grandiosity
Jerusalem Syndrome,Supportive therapy: Offering a safe space for individuals to explore their beliefs and experiences.,Psychosis
Jerusalem Syndrome,Cultural sensitivity training: Educating healthcare professionals to better understand and support individuals experiencing Jerusalem Syndrome.,Obession
alcohol addiction ,Detoxification: Medically supervised withdrawal to manage physical dependence.,Craving
alcohol addiction ,Rehabilitation programs: Inpatient or outpatient treatment focusing on therapy and support.,Tolerance
alcohol addiction ,Medication-assisted treatment: Using medications to reduce cravings and support recovery.,Withdrawal
alcohol addiction ,"Support groups (e.g., AA): Peer support and accountability in maintaining sobriety.",Loss of control
alcohol addiction ,Lifestyle changes: Adopting healthy habits and coping strategies to prevent relapse.,Continued use despite negative consequences
Suicidal feelings,Crisis hotlines: Immediate support and intervention for those in distress.,Hopelessness
Suicidal feelings,Therapy: Talking to a mental health professional to address underlying issues and develop coping strategies.,Despair
Suicidal feelings,Medication: Prescribed by a doctor to manage symptoms of depression or anxiety.,Isolation
Suicidal feelings,Safety planning: Creating a plan with strategies to keep oneself safe during moments of crisis.,Irritability
Suicidal feelings,"Support network: Reaching out to friends, family, or support groups for understanding and assistance.",Self-harm
Body dysmorphic disorder,Cognitive Behavioral Therapy (CBT): Addressing distorted beliefs about body image and developing healthier perspectives.,Preoccupation
Body dysmorphic disorder,"Medication (e.g., SSRIs): Managing symptoms of anxiety and depression often associated with BDD.",Obession
Body dysmorphic disorder,Support groups: Finding understanding and solidarity among others experiencing similar struggles.,Distress
Body dysmorphic disorder,Exposure and response prevention (ERP): Gradually confronting feared situations or body parts to reduce anxiety.,Compulsion
Body dysmorphic disorder,Self-care practices: Engaging in activities that promote self-compassion and overall well-being.,Avoidance
Tardive dyskinesia,Medication adjustment: Modifying or discontinuing medications that may be causing or worsening symptoms.,Involuntary movements
Tardive dyskinesia,"Clozapine: Switching to this antipsychotic medication, which has a lower risk of causing tardive dyskinesia.",Facial grimacing
Tardive dyskinesia,"Botulinum toxin injections: Managing specific muscle movements, such as those in the face or neck.",Tongue protrusion
Tardive dyskinesia,"Therapy: Addressing emotional and social impacts of tardive dyskinesia, and learning coping strategies.",Lip smacking
Tardive dyskinesia,Support groups: Sharing experiences and receiving encouragement from others facing similar challenges.,Jaw clenching
Anger,"Relaxation techniques: Deep breathing, mindfulness, or progressive muscle relaxation to calm the body and mind.",Irritability
Anger,"Anger management therapy: Learning strategies to identify triggers, express feelings constructively, and resolve conflicts peacefully.",Aggression
Anger,Exercise: Physical activity can help release tension and improve mood.,Hostility
Anger,Communication skills training: Learning assertiveness and effective communication techniques to express feelings without aggression.,Frustration
Anger,Stress management: Identifying sources of stress and developing healthy coping mechanisms to reduce anger triggers.,Resentment
Antisocial Personality Disorder,Lack of empathy,Therapy and counseling
Antisocial Personality Disorder, Impulsivity,Cognitive-behavioral therapy (CBT)
Antisocial Personality Disorder, Manipulative behavior,Medication for co-occurring conditions
Antisocial Personality Disorder,Irresponsible behavior,Support groups and community programs
Antisocial Personality Disorder,Aggression,Establishing clear boundaries and consequences
Narcissistic Personality Disorder ,Grandiosity and self-importance,"Psychotherapy, such as narcissistic personality disorder (NPD) therapy"
Narcissistic Personality Disorder ,Need for admiration,Setting realistic goals and expectations
Narcissistic Personality Disorder ,Lack of empathy,Developing healthier coping mechanisms
Narcissistic Personality Disorder ,Sense of entitlement,Building self-awareness and emotional regulation
Narcissistic Personality Disorder ,Exploitative behavior,Encouraging empathy and understanding in relationships
Histrionic Personality Disorder,Attention-seeking behavior,Cognitive-behavioral therapy (CBT)
Histrionic Personality Disorder, Excessive emotionality,Dialectical behavior therapy (DBT)
Histrionic Personality Disorder,Shallow or rapidly shifting emotions,Establishing healthy boundaries and assertiveness
Histrionic Personality Disorder,Need for approval,Developing self-confidence and self-reliance
Histrionic Personality Disorder,Overly dramatic or theatrical behavior,Encouraging self-reflection and introspection
Paranoid Personality Disorder,Suspicion and mistrust,Cognitive therapy or counseling
Paranoid Personality Disorder,Hypersensitivity to criticism,Building trust through consistent and honest communication
Paranoid Personality Disorder,Hostility and aggression,Developing coping strategies for managing stress
Paranoid Personality Disorder,Perceived betrayal and distrust,Building a support network of trusted individuals
Paranoid Personality Disorder,Reluctance to confide in others,Encouraging open communication and empathy
Dependent Personality Disorder,Difficulty making decisions,Therapy focused on building independence and autonomy
Dependent Personality Disorder,Fear of abandonment,Developing self-reliance and self-esteem
Dependent Personality Disorder,Submissive and passive behavior,Assertiveness training and communication skills
Dependent Personality Disorder,Need for reassurance and advice,Encouraging self-reflection and problem-solving
Dependent Personality Disorder,Avoidance of responsibilities,Building a sense of competence and self-worth
Peranoia,Persistent mistrust and suspicion,Cognitive-behavioral therapy (CBT)
Peranoia,Hypervigilance,Psychoeducation about paranoid thoughts and beliefs
Peranoia,Belief that others have harmful intentions,Building healthy relationships based on trust
Peranoia,Feelings of persecution,Developing coping strategies for managing anxiety
Peranoia,Reluctance to confide in others,Encouraging open communication and empathy
Obsessive Compulsive Disorder,"Obsessions - intrusive, unwanted thoughts",Exposure and response prevention (ERP) therapy
Obsessive Compulsive Disorder,Compulsions - repetitive behaviors,Cognitive-behavioral therapy (CBT)
Obsessive Compulsive Disorder,Fear of contamination or harming others,Medications such as selective serotonin reuptake inhibitors (SSRIs)
Obsessive Compulsive Disorder,Ritualistic behaviors,Support groups and peer support
Obsessive Compulsive Disorder,Difficulty controlling obsessions and compulsions,Relaxation techniques and stress management strategies
Schizophrenia,Hallucinations - hearing or seeing things,Antipsychotic medications
Schizophrenia,Delusions - false beliefs,Cognitive behavioral therapy (CBT)
Schizophrenia,Disorganized thinking and speech,Social skills training
Schizophrenia,Reduced motivation and emotional expression,Family education and support programs
Schizophrenia,Social withdrawal and isolation,Rehabilitation programs to improve daily living skills
Dissociation and Dissociative Disorders,Depersonalization - feeling detached from oneself,"Psychotherapy, particularly trauma-focused therapy"
Dissociation and Dissociative Disorders,Derealization - feeling disconnected from surroundings,Medications for co-occurring conditions such as anxiety or depression
Dissociation and Dissociative Disorders,Memory loss or amnesia,Grounding techniques to reconnect with the present moment
Dissociation and Dissociative Disorders,Identity confusion or alter personalities,Establishing safety and stability in the environment
Dissociation and Dissociative Disorders, Feelings of being outside one's body,Coping strategies for managing stress and triggers
Dementia,"Memory loss, especially recent memory",Cognitive stimulation therapy
Dementia,Difficulty communicating or finding words,"Medications to manage symptoms, such as cholinesterase inhibitors"
Dementia,Difficulty with complex tasks and reasoning,Creating a structured and supportive environment
Dementia,Disorientation to time and place,Providing assistance with daily activities and routines
Dementia,Changes in mood or behavior,Caregiver education and support
Tourette's Syndrome,"Motor tics - sudden, repetitive movements",Habit reversal training
Tourette's Syndrome,"Vocal tics - sudden, repetitive sounds","Medications to manage symptoms, such as antipsychotics or alpha-2 adrenergic agonists"
Tourette's Syndrome,"Tics that change in type, frequency, and severity",Behavioral therapy and psychoeducation for patients and families
Tourette's Syndrome,Sensory sensitivities and discomfort,Supportive school and work environments
Tourette's Syndrome,Social challenges and stigma,Advocacy and community support
Hallucinations,Perceiving things that aren't real,Medications to manage underlying conditions or symptoms
Hallucinations,Auditory hallucinations - hearing voices,Cognitive-behavioral therapy (CBT)
Hallucinations,Visual hallucinations - seeing things,Psychoeducation about hallucinations and coping strategies
Hallucinations,Tactile hallucinations - feeling sensations,Creating a safe and supportive environment
Hallucinations,Olfactory hallucinations - smelling odors,Stress reduction techniques and relaxation exercises
Sleeping Disorders,Insomnia - difficulty falling or staying asleep,Cognitive behavioral therapy for insomnia (CBT-I)
Sleeping Disorders,Excessive daytime sleepiness,Sleep hygiene education and lifestyle modifications
Sleeping Disorders,Sleepwalking or sleep terrors,"Medications to regulate sleep patterns, if necessary"
Sleeping Disorders,Nightmares or night terrors,Relaxation techniques before bedtime
Sleeping Disorders,Sleep apnea - pauses in breathing during sleep,Continuous positive airway pressure (CPAP) therapy
Generalized Anxiety Disorder (GAD),Excessive worry and anxiety about various aspects of life,Cognitive behavioral therapy (CBT)
Generalized Anxiety Disorder (GAD),Restlessness and irritability,Medications such as antidepressants or benzodiazepines
Generalized Anxiety Disorder (GAD),Difficulty concentrating and focusing,"Stress management techniques, including relaxation exercises"
Generalized Anxiety Disorder (GAD),Muscle tension and fatigue,Lifestyle changes such as regular exercise and healthy diet
Generalized Anxiety Disorder (GAD),Sleep disturbances,Support groups and peer counseling
Personality Disorder,Inflexible and maladaptive patterns of behavior,"Psychotherapy, particularly dialectical behavior therapy (DBT)"
Personality Disorder,Distorted perception of oneself and others,Medications for co-occurring symptoms such as depression or anxiety
Personality Disorder,Distorted perception of oneself and others,Group therapy and interpersonal skills training
Personality Disorder,Impulsivity and emotional instability,Building self-awareness and emotional regulation skills
Personality Disorder,Chronic feelings of emptiness and loneliness,Supportive and validating therapeutic environment
Migraine Headache,"Intense, throbbing headache often on one side of the head",Medications such as triptans or NSAIDs for acute relief
Migraine Headache,"Sensitivity to light, sound, and smells",Lifestyle modifications including regular sleep and meals
Migraine Headache,Nausea and vomiting during headache attacks,"Avoiding triggers such as certain foods, stress, or hormonal changes"
Migraine Headache,Visual disturbances such as aura, Biofeedback and relaxation techniques to manage stress
Migraine Headache,Fatigue and difficulty concentrating,Cognitive behavioral therapy for insomnia (CBT-I)
Insomnia,Difficulty falling asleep or staying asleep,Sleep hygiene practices such as maintaining a consistent sleep schedule
Insomnia,Waking up too early and unable to fall back asleep,"Avoiding caffeine, alcohol, and electronics before bedtime"
Insomnia,Non-restorative sleep and daytime fatigue,Relaxation techniques like meditation or deep breathing exercises
Insomnia,Irritability and difficulty concentrating,Addressing underlying medical or psychological conditions
Insomnia,"Impairment in social, occupational, or academic functioning","Psychotherapy, particularly cognitive behavioral therapy (CBT)"
Anorexia,Severe restriction of food intake,Medical stabilization and nutritional rehabilitation
Anorexia,ntense fear of gaining weight or becoming fat,"Psychotherapy, particularly cognitive behavioral therapy (CBT)"
Anorexia,Distorted body image and self-perception,Family-based treatment (FBT) for adolescents
Anorexia,Excessive exercise or rituals around food,Nutritional counseling and meal planning
Anorexia,Denial of the seriousness of low body weight,Support groups and peer counseling
Bulimia Nervosa,Recurrent episodes of binge eating followed by purging or compensatory behaviors,"Psychotherapy, including cognitive behavioral therapy (CBT)"
Bulimia Nervosa,Feeling out of control during binge episodes,Medications such as antidepressants or mood stabilizers
Bulimia Nervosa,"Self-induced vomiting, laxative abuse, or excessive exercise to prevent weight gain",Nutritional counseling and meal planning
Bulimia Nervosa,Secretive behavior around eating habits,Addressing underlying emotional issues and coping mechanisms
Bulimia Nervosa,Frequent fluctuations in weight,Support groups and peer counseling
Hoarding,Difficulty discarding or parting with possessions,Cognitive behavioral therapy (CBT)
Hoarding,Accumulation of clutter that impairs daily functioning,Medications such as selective serotonin reuptake inhibitors (SSRIs)
Hoarding,trong emotional attachment to possessions,Professional organizing assistance
Hoarding,Distress or anxiety when attempting to discard items,Hoarding-specific support groups and peer counseling
Hoarding,Social isolation and difficulty maintaining relationships,Family therapy to address the impact on relationships and support system
Asthama,Use of bronchodilators (short-acting or long-acting) to relieve symptoms quickly.,Shortness of breath
Asthama,Regular use of inhaled corticosteroids or other anti-inflammatory drugs to control inflammation and prevent asthma attacks.,Wheezing
Asthama,"Identifying and avoiding triggers such as pollen, dust mites, pet dander, or certain foods. Using air purifiers or allergy shots may also be beneficial.",Coughing
Asthama,"Quitting smoking, avoiding exposure to secondhand smoke, maintaining a healthy weight, and regular exercise can help manage asthma symptoms.",Chest tightness
Asthama,Working with a healthcare provider to develop a personalized action plan outlining steps to take in case of an asthma attack or worsening symptoms.,Fatigue
Diabetes,"Use of insulin injections, oral medications (such as metformin), or other drugs to help regulate blood sugar levels.",Frequent Urination
Diabetes,"Following a balanced diet that includes monitoring carbohydrate intake, eating at regular intervals, and avoiding sugary or high-glycemic foods.",Fatigue
Diabetes,"Engaging in physical activity such as walking, jogging, swimming, or cycling to help improve insulin sensitivity and control blood sugar levels.",Increased Hunger
Diabetes,Regularly checking blood glucose levels using a glucometer or continuous glucose monitoring system to track fluctuations and adjust treatment as needed.,Unexplained Weight Loss
Diabetes,"Maintaining a healthy weight, quitting smoking, limiting alcohol consumption, managing stress, and getting adequate sleep to help manage diabetes effectively.",Slow Healing of Wounds
Blood Pressure,"Prescription of antihypertensive drugs such as ACE inhibitors, beta-blockers, diuretics, calcium channel blockers, or other medications to lower blood pressure.",Headaches
Blood Pressure,"Adopting a heart-healthy diet rich in fruits, vegetables, whole grains, lean proteins, and low-fat dairy while limiting sodium, saturated fats, and processed foods.",Dizziness or Lightheadedness
Blood Pressure,"Engaging in aerobic activities like walking, jogging, cycling, or swimming for at least 30 minutes most days of the week to improve cardiovascular health and lower BP.",Blurred Vision
Blood Pressure,"Losing excess weight through a combination of diet and exercise, as even a modest weight loss can significantly reduce blood pressure in overweight or obese individuals.",Shortness of Breath
Blood Pressure,"Practicing relaxation techniques such as deep breathing, meditation, yoga, or mindfulness to help alleviate stress and promote overall cardiovascular health.",Chest Pain
Anemia,"Taking iron supplements, either in pill form or intravenously, to replenish low iron levels in the body and support the production of hemoglobin.",Fatigue
Anemia,"Consuming iron-rich foods such as red meat, poultry, fish, beans, lentils, tofu, spinach, fortified cereals, and dried fruits to boost iron intake naturally.",Pale Skin
Anemia,"Taking supplements containing vitamin B12, folic acid, or vitamin C, which are essential for red blood cell production and iron absorption.",Shortness of Breath
Anemia,"Addressing underlying conditions that may be causing or contributing to anemia, such as gastrointestinal bleeding, chronic diseases, or autoimmune disorders.",Dizziness or lightheadedness
Anemia,"Receiving a blood transfusion in severe cases of anemia, particularly when hemoglobin levels are critically low and immediate intervention is necessary.",Cold Hands and Feet
Cancer,"Surgical removal of cancerous tumors or affected tissue, often used as the primary treatment for localized cancers or as part of a multimodal approach for advanced cases.",Unexplained Weight Loss
Cancer,"Administration of cytotoxic drugs to kill cancer cells or prevent their growth and spread, typically used in combination with surgery, radiation, or targeted therapy.",Fatigue
Cancer,"Delivery of high-energy radiation to target and destroy cancer cells, often used alone or in combination with surgery or chemotherapy to treat various types of cancer.",Pain
Cancer,"Treatment that enhances the body's immune response to recognize and destroy cancer cells, utilizing medications such as checkpoint inhibitors or CAR T-cell therapy.",Changes in Bowel or Bladder Habits
Cancer,"Use of drugs or other substances to specifically target cancer cells by interfering with specific molecules or pathways involved in their growth, proliferation, or survival.",Lumps or Masses
Influenza,"Prescription antiviral drugs such as oseltamivir (Tamiflu), zanamivir (Relenza), or peramivir (Rapivab) may be recommended to reduce the severity and duration of influenza symptoms.",Fever
Influenza,"Getting plenty of rest and staying hydrated by drinking fluids such as water, broth, herbal tea, or electrolyte solutions to help the body fight off the infection and recover.",Cough
Influenza,"Using over-the-counter medications such as acetaminophen or ibuprofen to alleviate fever, body aches, and other flu symptoms, following package instructions for dosage and usage.",Sore Throat
Influenza,"Breathing in steam from a warm shower or using a humidifier to ease congestion, soothe sore throat, and relieve nasal symptoms associated with influenza infection.",Body Aches
Influenza,"Practicing good hygiene such as frequent handwashing, avoiding close contact with sick individuals, and getting an annual flu vaccine to prevent influenza infection altogether.",Fatigue
Allergies,"Over-the-counter or prescription medications such as loratadine (Claritin), cetirizine (Zyrtec), or diphenhydramine (Benadryl) to block the action of histamine and alleviate allergy symptoms.",Sneezing
Allergies,"Prescription nasal sprays like fluticasone (Flonase) or budesonide (Rhinocort) to reduce inflammation and congestion in the nasal passages, providing relief from allergic rhinitis.",Runny or Stuffy Nose
Allergies,Oral or nasal decongestants such as pseudoephedrine (Sudafed) or oxymetazoline (Afrin) to relieve nasal congestion and sinus pressure caused by allergic reactions.,"Itchy, Watery Eyes"
Allergies,Allergy shots (subcutaneous immunotherapy) or sublingual tablets (sublingual immunotherapy) administered over time to desensitize the immune system and reduce allergy symptoms.,Skin Rash or Hives
Allergies,"Identifying and avoiding allergens such as pollen, pet dander, dust mites, mold, or certain foods through environmental modifications or lifestyle changes to minimize exposure.",Wheezing or Difficulty Breathing
Fever ,Adequate rest and increased fluid intake help support the body's immune response during fever,Elevated Body Temperature
Fever ,Over-the-counter medications like acetaminophen (Tylenol) or ibuprofen can help reduce fever and alleviate symptoms,Chills and Shivering
Fever ,"Applying cool compresses or damp cloths to the forehead, neck, or armpits can help lower body temperature.",Headache
Fever ,Taking a lukewarm bath or shower can help cool the body and provide temporary relief from fever.,Muscle Aches
Fever ,"If fever persists, is accompanied by severe symptoms, or occurs in vulnerable populations (e.g., infants, elderly), medical evaluation is advised.",Fatigue and Weakness
Common Cold,"Get plenty of rest and drink fluids like water, herbal tea, or clear broth to stay hydrated and support recovery.",Runny or Stuffy Nose
Common Cold,"Use over-the-counter cold medications for symptom relief, such as decongestants, antihistamines, or pain relievers.",Sore Throat
Common Cold,Gargling with warm salt water can soothe a sore throat and help reduce inflammation.,Cough
Common Cold,Inhaling steam from a bowl of hot water or using a humidifier can ease nasal congestion and improve breathing.,Fatigue and Weakness
Common Cold,"Minimize exposure to smoke, pollution, allergens, and other irritants that can worsen cold symptoms.",Headache
Gastroenteritis (Stomach Flu),"Drink plenty of fluids, such as water, clear broths, electrolyte solutions, or oral rehydration solutions (ORS), to prevent dehydration.",Diarrhea
Gastroenteritis (Stomach Flu),"Get adequate rest and consume easily digestible foods like bland soups, crackers, bananas, rice, and toast (BRAT diet).",Vomiting
Gastroenteritis (Stomach Flu),Use ORS solutions available at pharmacies to replace lost electrolytes and fluids during bouts of diarrhea and vomiting,Abdominal Pain
Gastroenteritis (Stomach Flu),"Avoid spicy, greasy, or heavy foods, as well as alcohol, caffeine, and tobacco, which can irritate the stomach and worsen symptoms",Nausea
Gastroenteritis (Stomach Flu),Over-the-counter medications like antiemetics (to reduce nausea/vomiting) or antidiarrheals (to control diarrhea) may be used as directed.,Fever
